{
    "0": {
        "precision": 0.9991783323189288,
        "recall": 0.9997868453105968,
        "f1-score": 0.9994824961948249,
        "support": 32840.0
    },
    "1": {
        "precision": 0.95,
        "recall": 0.83125,
        "f1-score": 0.8866666666666666,
        "support": 160.0
    },
    "accuracy": 0.998969696969697,
    "macro avg": {
        "precision": 0.9745891661594643,
        "recall": 0.9155184226552984,
        "f1-score": 0.9430745814307457,
        "support": 33000.0
    },
    "weighted avg": {
        "precision": 0.9989398919198068,
        "recall": 0.998969696969697,
        "f1-score": 0.9989355103546885,
        "support": 33000.0
    }
}